FREQ,FREQ_LABEL,REF_AREA,REF_AREA_LABEL,INDICATOR,INDICATOR_LABEL,UNIT_MEASURE,UNIT_MEASURE_LABEL,DATABASE_ID,DATABASE_ID_LABEL,UNIT_MULT,UNIT_MULT_LABEL,OBS_STATUS,OBS_STATUS_LABEL,OBS_CONF,OBS_CONF_LABEL,2002,2003,2004,2005,2006,2007,2008,2009,2010,2011,2012,2013,2014,2015,2016,2017,2018,2019,2020,2021,2022,2023,2024
A,Annual,AFG,Afghanistan,FAO_FS_210011,Number of people undernourished (million) (3-year average),COUNT,Count,FAO_FS,Suite of Food Security Indicators,6,Millions,A,Normal value,PU,Public,9.4,9.3,8.7,8.2,7.5,6.7,5.9,5.2,4.8,5.0,5.5,6.0,6.1,6.3,6.7,7.1,7.6,8.3,9.5,10.7,11.5,11.7,11.7
A,Annual,AGO,Angola,FAO_FS_210011,Number of people undernourished (million) (3-year average),COUNT,Count,FAO_FS,Suite of Food Security Indicators,6,Millions,A,Normal value,PU,Public,11.4,11.0,10.3,9.4,8.3,7.2,6.2,5.3,4.4,3.8,3.6,3.5,3.5,3.6,4.0,4.4,4.7,5.0,5.9,7.0,7.8,8.2,8.3
A,Annual,ALB,Albania,FAO_FS_210011,Number of people undernourished (million) (3-year average),COUNT,Count,FAO_FS,Suite of Food Security Indicators,6,Millions,A,Normal value,PU,Public,0.2,0.2,0.2,0.3,0.3,0.3,0.2,0.2,0.2,0.2,0.1,0.1,0.1,0.1,0.1,0.1,0.1,0.1,0.1,0.2,0.2,0.2,0.2
A,Annual,ARE,United Arab Emirates,FAO_FS_210011,Number of people undernourished (million) (3-year average),COUNT,Count,FAO_FS,Suite of Food Security Indicators,6,Millions,A,Normal value,PU,Public,,,,0.1,0.1,0.2,0.3,0.3,0.4,0.4,0.4,0.3,0.3,0.3,0.3,0.3,0.3,0.3,0.3,0.2,,,
A,Annual,ARG,Argentina,FAO_FS_210011,Number of people undernourished (million) (3-year average),COUNT,Count,FAO_FS,Suite of Food Security Indicators,6,Millions,A,Normal value,PU,Public,1.1,1.4,1.7,1.5,1.4,1.3,1.3,1.3,1.4,1.5,1.6,1.5,1.4,1.2,1.3,1.4,1.6,1.6,1.6,1.6,1.5,1.5,1.5
A,Annual,ARM,Armenia,FAO_FS_210011,Number of people undernourished (million) (3-year average),COUNT,Count,FAO_FS,Suite of Food Security Indicators,6,Millions,A,Normal value,PU,Public,0.9,0.8,0.7,0.6,0.4,0.3,0.2,0.2,,,,,,,,,,,,,,,
A,Annual,AZE,Azerbaijan,FAO_FS_210011,Number of people undernourished (million) (3-year average),COUNT,Count,FAO_FS,Suite of Food Security Indicators,6,Millions,A,Normal value,PU,Public,1.5,1.2,1.0,0.7,0.5,0.3,,,,,,,,,,,,,,,,,
A,Annual,BEN,Benin,FAO_FS_210011,Number of people undernourished (million) (3-year average),COUNT,Count,FAO_FS,Suite of Food Security Indicators,6,Millions,A,Normal value,PU,Public,1.1,1.0,0.9,0.8,0.8,0.8,0.8,0.8,0.8,0.9,1.0,1.0,1.0,1.0,1.0,1.1,1.3,1.4,1.5,1.5,1.7,1.8,2.0
A,Annual,BFA,Burkina Faso,FAO_FS_210011,Number of people undernourished (million) (3-year average),COUNT,Count,FAO_FS,Suite of Food Security Indicators,6,Millions,A,Normal value,PU,Public,2.8,2.6,2.4,2.4,2.4,2.4,2.4,2.4,2.4,2.4,2.4,2.4,2.4,2.5,2.6,2.7,2.8,3.0,3.0,3.2,3.1,3.1,3.0
A,Annual,BGD,Bangladesh,FAO_FS_210011,Number of people undernourished (million) (3-year average),COUNT,Count,FAO_FS,Suite of Food Security Indicators,6,Millions,A,Normal value,PU,Public,21.2,20.3,20.8,21.0,21.8,22.6,23.8,25.2,27.1,27.8,27.6,26.9,26.2,24.7,24.3,23.1,21.7,19.7,17.9,18.0,17.2,18.0,17.9
A,Annual,BGR,Bulgaria,FAO_FS_210011,Number of people undernourished (million) (3-year average),COUNT,Count,FAO_FS,Suite of Food Security Indicators,6,Millions,A,Normal value,PU,Public,0.4,0.4,0.4,0.5,0.5,0.5,0.5,0.4,0.4,0.4,0.4,0.3,0.3,0.3,0.3,0.3,0.2,0.2,0.2,0.2,,,
A,Annual,BIH,Bosnia and Herzegovina,FAO_FS_210011,Number of people undernourished (million) (3-year average),COUNT,Count,FAO_FS,Suite of Food Security Indicators,6,Millions,A,Normal value,PU,Public,0.1,0.1,0.1,,,,,,,,,,,,,,,,,,,,
A,Annual,BLR,Belarus,FAO_FS_210011,Number of people undernourished (million) (3-year average),COUNT,Count,FAO_FS,Suite of Food Security Indicators,6,Millions,A,Normal value,PU,Public,0.3,0.4,0.4,0.4,0.3,,,,,,,,,,,,,,,,,,
A,Annual,BOL,Bolivia,FAO_FS_210011,Number of people undernourished (million) (3-year average),COUNT,Count,FAO_FS,Suite of Food Security Indicators,6,Millions,A,Normal value,PU,Public,2.3,2.3,2.4,2.5,2.6,2.5,2.4,2.3,2.1,2.0,1.9,1.9,1.9,1.9,1.8,1.7,1.6,1.6,1.6,1.9,2.3,2.6,2.7
A,Annual,BRA,Brazil,FAO_FS_210011,Number of people undernourished (million) (3-year average),COUNT,Count,FAO_FS,Suite of Food Security Indicators,6,Millions,A,Normal value,PU,Public,18.4,16.2,13.8,11.5,10.5,9.4,8.5,7.6,6.7,5.8,5.3,,,,,,,,,5.8,7.1,6.7,
A,Annual,BWA,Botswana,FAO_FS_210011,Number of people undernourished (million) (3-year average),COUNT,Count,FAO_FS,Suite of Food Security Indicators,6,Millions,A,Normal value,PU,Public,0.5,0.5,0.5,0.5,0.5,0.5,0.5,0.5,0.5,0.5,0.5,0.4,0.4,0.4,0.4,0.5,0.5,0.5,0.5,0.5,0.6,0.6,0.6
A,Annual,CAF,Central African Republic,FAO_FS_210011,Number of people undernourished (million) (3-year average),COUNT,Count,FAO_FS,Suite of Food Security Indicators,6,Millions,A,Normal value,PU,Public,1.4,1.5,1.5,1.5,1.5,1.4,1.4,1.3,1.2,1.2,1.2,1.3,1.4,1.4,1.3,1.3,1.2,1.2,1.2,1.3,1.5,1.5,1.6
A,Annual,CHL,Chile,FAO_FS_210011,Number of people undernourished (million) (3-year average),COUNT,Count,FAO_FS,Suite of Food Security Indicators,6,Millions,A,Normal value,PU,Public,0.5,0.4,0.4,0.4,0.4,0.4,0.4,0.5,0.6,0.6,0.6,0.6,0.6,0.6,0.6,0.6,0.6,0.6,0.5,0.5,,0.5,0.5
A,Annual,CHN,China,FAO_FS_210011,Number of people undernourished (million) (3-year average),COUNT,Count,FAO_FS,Suite of Food Security Indicators,6,Millions,A,Normal value,PU,Public,127.3,120.2,111.3,101.5,90.6,78.8,65.3,51.7,38.5,,,,,,,,,,,,,,
A,Annual,CIV,Cote d'Ivoire,FAO_FS_210011,Number of people undernourished (million) (3-year average),COUNT,Count,FAO_FS,Suite of Food Security Indicators,6,Millions,A,Normal value,PU,Public,3.4,3.5,3.5,3.5,3.5,3.6,3.7,3.8,3.9,3.8,3.7,3.6,3.7,3.6,3.4,3.0,2.8,2.7,2.7,2.6,2.9,3.2,3.5
A,Annual,CMR,Cameroon,FAO_FS_210011,Number of people undernourished (million) (3-year average),COUNT,Count,FAO_FS,Suite of Food Security Indicators,6,Millions,A,Normal value,PU,Public,3.7,3.5,3.2,2.8,2.4,2.0,1.6,1.4,1.1,1.0,0.9,0.8,0.9,1.0,1.1,1.3,1.4,1.5,1.6,1.5,1.5,1.4,1.4
A,Annual,COD,"Congo, Dem. Rep.",FAO_FS_210011,Number of people undernourished (million) (3-year average),COUNT,Count,FAO_FS,Suite of Food Security Indicators,6,Millions,A,Normal value,PU,Public,14.0,14.6,15.1,15.6,16.1,16.6,17.2,17.9,18.9,19.7,21.0,22.3,23.3,24.4,25.7,27.1,28.4,29.3,31.7,33.8,36.3,38.2,40.7
A,Annual,COG,"Congo, Rep.",FAO_FS_210011,Number of people undernourished (million) (3-year average),COUNT,Count,FAO_FS,Suite of Food Security Indicators,6,Millions,A,Normal value,PU,Public,0.9,0.9,0.9,1.0,1.1,1.2,1.3,1.4,1.6,1.8,1.9,1.8,1.6,1.5,1.5,1.5,1.6,1.6,1.6,1.6,1.6,1.6,1.6
A,Annual,COL,Colombia,FAO_FS_210011,Number of people undernourished (million) (3-year average),COUNT,Count,FAO_FS,Suite of Food Security Indicators,6,Millions,A,Normal value,PU,Public,3.4,3.6,3.9,4.3,4.6,4.8,4.7,4.8,4.9,5.0,4.5,3.9,3.3,2.7,2.3,2.1,2.0,2.1,2.1,2.1,2.1,2.1,2.0
A,Annual,COM,Comoros,FAO_FS_210011,Number of people undernourished (million) (3-year average),COUNT,Count,FAO_FS,Suite of Food Security Indicators,6,Millions,A,Normal value,PU,Public,0.1,0.1,0.1,,,,,,,0.1,0.1,0.1,0.1,0.1,0.1,0.1,,0.1,0.1,0.1,0.1,0.1,0.1
A,Annual,CRI,Costa Rica,FAO_FS_210011,Number of people undernourished (million) (3-year average),COUNT,Count,FAO_FS,Suite of Food Security Indicators,6,Millions,A,Normal value,PU,Public,0.2,0.2,0.2,0.2,0.2,0.1,0.1,0.1,0.1,0.1,0.1,0.1,0.1,0.1,,,,,,,,,
A,Annual,DJI,Djibouti,FAO_FS_210011,Number of people undernourished (million) (3-year average),COUNT,Count,FAO_FS,Suite of Food Security Indicators,6,Millions,A,Normal value,PU,Public,0.3,0.3,0.3,0.3,0.2,0.2,0.2,0.2,0.2,0.2,0.2,0.2,0.2,0.1,0.1,0.1,0.1,0.1,0.1,0.1,0.1,0.1,0.1
A,Annual,DOM,Dominican Republic,FAO_FS_210011,Number of people undernourished (million) (3-year average),COUNT,Count,FAO_FS,Suite of Food Security Indicators,6,Millions,A,Normal value,PU,Public,1.7,1.9,2.1,2.2,2.0,1.8,1.6,1.4,1.3,1.2,1.2,1.0,0.9,0.9,0.8,0.7,0.6,0.6,0.7,0.7,0.6,0.5,0.4
A,Annual,DZA,Algeria,FAO_FS_210011,Number of people undernourished (million) (3-year average),COUNT,Count,FAO_FS,Suite of Food Security Indicators,6,Millions,A,Normal value,PU,Public,2.3,2.1,2.1,2.1,2.0,1.9,1.8,1.7,1.7,1.5,1.3,1.2,1.1,1.1,1.0,1.1,1.0,,,,,,
A,Annual,ECU,Ecuador,FAO_FS_210011,Number of people undernourished (million) (3-year average),COUNT,Count,FAO_FS,Suite of Food Security Indicators,6,Millions,A,Normal value,PU,Public,2.6,2.9,2.8,2.7,2.4,2.1,1.9,1.6,1.4,1.3,1.2,1.3,1.4,1.4,1.4,1.6,1.7,1.9,2.2,2.4,2.4,2.3,2.2
A,Annual,EGY,"Egypt, Arab Rep.",FAO_FS_210011,Number of people undernourished (million) (3-year average),COUNT,Count,FAO_FS,Suite of Food Security Indicators,6,Millions,A,Normal value,PU,Public,3.6,3.8,4.3,4.6,4.7,4.5,4.3,4.3,4.3,4.6,4.8,5.3,5.8,6.3,6.5,6.7,6.8,6.8,7.0,7.8,8.8,9.9,10.8
A,Annual,ETH,Ethiopia,FAO_FS_210011,Number of people undernourished (million) (3-year average),COUNT,Count,FAO_FS,Suite of Food Security Indicators,6,Millions,A,Normal value,PU,Public,32.1,30.9,30.7,29.7,28.5,26.4,24.4,22.5,21.0,20.3,19.7,18.9,17.4,15.3,14.1,13.9,15.5,18.1,21.5,24.1,25.2,25.3,25.4
A,Annual,GAB,Gabon,FAO_FS_210011,Number of people undernourished (million) (3-year average),COUNT,Count,FAO_FS,Suite of Food Security Indicators,6,Millions,A,Normal value,PU,Public,0.1,0.2,0.2,0.2,0.2,0.2,0.2,0.2,0.2,0.2,0.2,0.2,0.2,0.3,0.3,0.3,0.4,0.4,0.4,0.5,0.5,0.6,0.6
A,Annual,GEO,Georgia,FAO_FS_210011,Number of people undernourished (million) (3-year average),COUNT,Count,FAO_FS,Suite of Food Security Indicators,6,Millions,A,Normal value,PU,Public,0.3,0.2,0.2,0.2,0.2,0.2,0.2,0.3,0.3,0.3,0.3,0.3,0.3,0.3,0.2,0.2,0.2,0.2,0.2,0.2,0.2,0.1,
A,Annual,GHA,Ghana,FAO_FS_210011,Number of people undernourished (million) (3-year average),COUNT,Count,FAO_FS,Suite of Food Security Indicators,6,Millions,A,Normal value,PU,Public,3.0,2.8,2.7,2.6,2.5,2.4,2.2,2.0,1.7,1.8,1.9,2.1,2.2,2.4,2.7,2.8,2.6,2.3,2.1,1.8,1.8,2.0,2.1
A,Annual,GIN,Guinea,FAO_FS_210011,Number of people undernourished (million) (3-year average),COUNT,Count,FAO_FS,Suite of Food Security Indicators,6,Millions,A,Normal value,PU,Public,1.5,1.5,1.5,1.5,1.5,1.6,1.7,1.7,1.9,1.9,1.8,1.7,1.6,1.6,1.6,1.7,1.7,1.7,1.6,1.5,1.4,1.5,1.6
A,Annual,GMB,"Gambia, The",FAO_FS_210011,Number of people undernourished (million) (3-year average),COUNT,Count,FAO_FS,Suite of Food Security Indicators,6,Millions,A,Normal value,PU,Public,0.3,0.3,0.3,0.3,0.3,0.3,0.2,0.2,0.2,0.2,0.2,0.2,0.2,0.3,0.3,0.3,0.3,0.4,0.4,0.5,0.5,0.5,0.5
A,Annual,GNB,Guinea-Bissau,FAO_FS_210011,Number of people undernourished (million) (3-year average),COUNT,Count,FAO_FS,Suite of Food Security Indicators,6,Millions,A,Normal value,PU,Public,0.2,0.2,0.2,0.2,0.3,0.3,0.3,0.3,0.3,0.4,0.4,0.4,0.5,0.5,0.5,0.4,0.3,0.2,0.3,0.3,0.4,0.5,0.5
A,Annual,GTM,Guatemala,FAO_FS_210011,Number of people undernourished (million) (3-year average),COUNT,Count,FAO_FS,Suite of Food Security Indicators,6,Millions,A,Normal value,PU,Public,2.7,2.5,2.4,2.5,2.5,2.4,2.5,2.5,2.5,2.3,2.2,2.3,2.4,2.5,2.5,2.4,2.4,2.4,2.4,2.3,2.3,2.2,2.1
A,Annual,HKG,"Hong Kong SAR, China",FAO_FS_210011,Number of people undernourished (million) (3-year average),COUNT,Count,FAO_FS,Suite of Food Security Indicators,6,Millions,A,Normal value,PU,Public,,,,,,,,,,,,0.2,0.2,0.2,,,,,,,0.2,0.2,0.2
A,Annual,HND,Honduras,FAO_FS_210011,Number of people undernourished (million) (3-year average),COUNT,Count,FAO_FS,Suite of Food Security Indicators,6,Millions,A,Normal value,PU,Public,1.4,1.4,1.4,1.4,1.4,1.3,1.2,1.2,1.1,1.1,1.1,1.1,1.2,1.3,1.3,1.3,1.3,1.3,1.3,1.4,1.5,1.5,1.6
A,Annual,HRV,Croatia,FAO_FS_210011,Number of people undernourished (million) (3-year average),COUNT,Count,FAO_FS,Suite of Food Security Indicators,6,Millions,A,Normal value,PU,Public,0.5,0.3,0.2,0.2,0.1,0.1,,,,0.1,0.1,,,,,,,,,,,,
A,Annual,HTI,Haiti,FAO_FS_210011,Number of people undernourished (million) (3-year average),COUNT,Count,FAO_FS,Suite of Food Security Indicators,6,Millions,A,Normal value,PU,Public,4.1,4.3,4.4,4.4,4.3,4.2,4.1,4.0,3.9,3.9,3.9,4.0,4.0,3.9,4.0,4.1,4.4,4.5,4.7,4.9,5.4,5.9,6.3
A,Annual,HUN,Hungary,FAO_FS_210011,Number of people undernourished (million) (3-year average),COUNT,Count,FAO_FS,Suite of Food Security Indicators,6,Millions,A,Normal value,PU,Public,,,,0.3,0.3,,,,,,,,,,,,,,,,,,
A,Annual,IDN,Indonesia,FAO_FS_210011,Number of people undernourished (million) (3-year average),COUNT,Count,FAO_FS,Suite of Food Security Indicators,6,Millions,A,Normal value,PU,Public,39.7,40.3,40.4,41.4,42.4,42.4,41.6,39.5,36.4,31.7,27.3,23.9,21.3,20.2,18.6,17.4,16.1,16.2,17.4,18.2,18.3,18.3,17.7
A,Annual,IND,India,FAO_FS_210011,Number of people undernourished (million) (3-year average),COUNT,Count,FAO_FS,Suite of Food Security Indicators,6,Millions,A,Normal value,PU,Public,194.9,216.3,236.8,247.0,243.9,222.2,197.2,185.1,184.3,181.2,178.5,171.0,166.4,165.0,161.2,155.7,143.9,144.7,164.5,188.4,201.9,192.0,172.1
A,Annual,IRN,"Iran, Islamic Rep.",FAO_FS_210011,Number of people undernourished (million) (3-year average),COUNT,Count,FAO_FS,Suite of Food Security Indicators,6,Millions,A,Normal value,PU,Public,3.3,3.6,3.8,4.1,4.6,5.1,5.5,5.9,6.4,7.3,7.5,7.3,6.4,6.2,6.1,6.4,6.8,6.9,6.7,6.1,6.0,6.0,6.2
A,Annual,IRQ,Iraq,FAO_FS_210011,Number of people undernourished (million) (3-year average),COUNT,Count,FAO_FS,Suite of Food Security Indicators,6,Millions,A,Normal value,PU,Public,5.1,5.1,4.9,4.9,4.6,4.7,4.7,4.6,4.4,4.2,4.4,4.8,5.2,5.6,5.9,6.2,6.3,6.4,6.4,6.4,6.6,6.7,6.7
A,Annual,JAM,Jamaica,FAO_FS_210011,Number of people undernourished (million) (3-year average),COUNT,Count,FAO_FS,Suite of Food Security Indicators,6,Millions,A,Normal value,PU,Public,0.2,0.2,0.2,0.2,0.2,0.2,0.2,0.2,0.2,0.2,0.2,0.2,0.2,0.2,0.2,0.2,0.2,0.2,0.2,0.2,0.2,0.2,0.2
A,Annual,JOR,Jordan,FAO_FS_210011,Number of people undernourished (million) (3-year average),COUNT,Count,FAO_FS,Suite of Food Security Indicators,6,Millions,A,Normal value,PU,Public,0.5,0.4,0.3,0.3,0.3,0.4,0.4,0.5,0.5,0.6,0.7,0.7,0.7,0.7,0.7,0.8,0.9,1.1,1.4,1.7,1.7,1.7,1.6
A,Annual,KAZ,Kazakhstan,FAO_FS_210011,Number of people undernourished (million) (3-year average),COUNT,Count,FAO_FS,Suite of Food Security Indicators,6,Millions,A,Normal value,PU,Public,1.0,1.0,1.1,1.2,1.2,1.0,0.8,0.7,0.6,0.6,0.5,0.4,0.4,,,,,,,,,,
A,Annual,KEN,Kenya,FAO_FS_210011,Number of people undernourished (million) (3-year average),COUNT,Count,FAO_FS,Suite of Food Security Indicators,6,Millions,A,Normal value,PU,Public,10.1,10.9,11.6,11.0,10.0,9.5,10.2,10.5,9.8,9.0,8.5,8.4,8.5,8.7,9.8,10.7,11.6,11.5,12.1,13.7,16.8,19.2,20.4
A,Annual,KGZ,Kyrgyz Republic,FAO_FS_210011,Number of people undernourished (million) (3-year average),COUNT,Count,FAO_FS,Suite of Food Security Indicators,6,Millions,A,Normal value,PU,Public,0.7,0.6,0.5,0.4,0.4,0.4,0.5,0.5,0.5,0.4,0.4,0.4,0.4,0.4,0.4,0.4,0.3,0.3,0.3,0.3,0.4,0.4,0.4
A,Annual,KHM,Cambodia,FAO_FS_210011,Number of people undernourished (million) (3-year average),COUNT,Count,FAO_FS,Suite of Food Security Indicators,6,Millions,A,Normal value,PU,Public,2.5,2.3,2.2,2.2,2.1,2.0,1.8,1.7,1.6,1.4,1.3,1.3,1.3,1.2,1.2,1.1,1.0,0.9,0.9,0.9,1.0,1.0,0.9
A,Annual,KOR,"Korea, Rep.",FAO_FS_210011,Number of people undernourished (million) (3-year average),COUNT,Count,FAO_FS,Suite of Food Security Indicators,6,Millions,A,Normal value,PU,Public,,1.2,1.3,1.2,,,,,,,,,,,,,,,,,,,
A,Annual,LBN,Lebanon,FAO_FS_210011,Number of people undernourished (million) (3-year average),COUNT,Count,FAO_FS,Suite of Food Security Indicators,6,Millions,A,Normal value,PU,Public,0.3,0.4,0.4,0.4,0.3,0.3,0.3,0.2,0.2,0.2,0.2,0.2,0.3,0.3,0.4,0.4,0.3,0.3,0.4,0.5,0.6,0.6,0.5
A,Annual,LBR,Liberia,FAO_FS_210011,Number of people undernourished (million) (3-year average),COUNT,Count,FAO_FS,Suite of Food Security Indicators,6,Millions,A,Normal value,PU,Public,1.1,1.1,1.1,1.1,1.2,1.2,1.3,1.3,1.4,1.4,1.5,1.6,1.6,1.7,1.7,1.7,1.7,1.7,1.8,1.9,2.0,2.0,2.0
A,Annual,LBY,Libya,FAO_FS_210011,Number of people undernourished (million) (3-year average),COUNT,Count,FAO_FS,Suite of Food Security Indicators,6,Millions,A,Normal value,PU,Public,0.2,0.2,0.2,0.3,0.3,0.3,0.3,0.4,0.4,0.5,0.5,0.6,0.6,0.7,0.7,0.7,0.8,0.8,0.9,1.0,1.1,1.2,1.2
A,Annual,LKA,Sri Lanka,FAO_FS_210011,Number of people undernourished (million) (3-year average),COUNT,Count,FAO_FS,Suite of Food Security Indicators,6,Millions,A,Normal value,PU,Public,3.3,3.2,3.2,3.0,2.9,2.7,2.5,2.3,2.2,2.3,2.3,2.1,1.9,1.3,1.0,0.9,1.1,1.2,0.8,0.7,1.0,1.4,1.7
A,Annual,LVA,Latvia,FAO_FS_210011,Number of people undernourished (million) (3-year average),COUNT,Count,FAO_FS,Suite of Food Security Indicators,6,Millions,A,Normal value,PU,Public,0.1,,,,,,,,,,,,,,,,,,,,,,
A,Annual,MAR,Morocco,FAO_FS_210011,Number of people undernourished (million) (3-year average),COUNT,Count,FAO_FS,Suite of Food Security Indicators,6,Millions,A,Normal value,PU,Public,1.7,1.6,1.5,1.5,1.5,1.5,1.5,1.5,1.5,1.5,1.5,1.4,1.4,1.3,1.3,1.3,1.2,1.3,1.5,1.9,2.4,2.6,2.6
A,Annual,MDA,Moldova,FAO_FS_210011,Number of people undernourished (million) (3-year average),COUNT,Count,FAO_FS,Suite of Food Security Indicators,6,Millions,A,Normal value,PU,Public,1.0,1.1,1.2,1.3,1.3,1.2,1.1,0.9,0.7,0.5,0.3,0.2,0.2,0.1,0.1,,,,,,,,
A,Annual,MDG,Madagascar,FAO_FS_210011,Number of people undernourished (million) (3-year average),COUNT,Count,FAO_FS,Suite of Food Security Indicators,6,Millions,A,Normal value,PU,Public,5.7,6.1,6.5,6.4,6.3,6.0,6.1,6.3,6.3,6.2,6.3,6.7,7.3,7.9,8.5,9.1,9.7,10.3,11.0,11.7,11.8,12.2,12.3
A,Annual,MEX,Mexico,FAO_FS_210011,Number of people undernourished (million) (3-year average),COUNT,Count,FAO_FS,Suite of Food Security Indicators,6,Millions,A,Normal value,PU,Public,2.8,3.3,3.9,4.3,4.2,4.0,4.0,4.4,4.6,4.6,4.4,4.5,4.4,4.5,4.4,4.5,4.6,4.5,4.3,3.9,3.8,3.6,3.5
A,Annual,MKD,North Macedonia,FAO_FS_210011,Number of people undernourished (million) (3-year average),COUNT,Count,FAO_FS,Suite of Food Security Indicators,6,Millions,A,Normal value,PU,Public,0.1,0.1,0.1,0.1,,,,,,,,,,,,,,,,,,,
A,Annual,MLI,Mali,FAO_FS_210011,Number of people undernourished (million) (3-year average),COUNT,Count,FAO_FS,Suite of Food Security Indicators,6,Millions,A,Normal value,PU,Public,1.7,1.6,1.7,1.6,1.5,1.4,1.2,1.1,1.0,1.0,1.0,0.9,0.9,0.9,0.9,0.9,0.9,0.9,1.0,1.0,1.6,2.3,2.9
A,Annual,MMR,Myanmar,FAO_FS_210011,Number of people undernourished (million) (3-year average),COUNT,Count,FAO_FS,Suite of Food Security Indicators,6,Millions,A,Normal value,PU,Public,17.7,16.6,15.2,13.5,11.8,10.0,8.4,6.8,5.4,4.5,4.0,3.7,3.2,2.8,2.3,2.0,1.8,1.8,1.7,2.0,2.3,2.8,2.9
A,Annual,MNG,Mongolia,FAO_FS_210011,Number of people undernourished (million) (3-year average),COUNT,Count,FAO_FS,Suite of Food Security Indicators,6,Millions,A,Normal value,PU,Public,0.7,0.7,0.7,0.7,0.7,0.7,0.6,0.6,0.5,0.5,0.4,0.4,0.3,0.3,0.3,0.2,0.2,0.2,0.2,0.1,0.1,,
A,Annual,MOZ,Mozambique,FAO_FS_210011,Number of people undernourished (million) (3-year average),COUNT,Count,FAO_FS,Suite of Food Security Indicators,6,Millions,A,Normal value,PU,Public,6.8,6.6,6.4,6.1,5.9,5.7,5.4,5.1,4.9,4.6,4.7,5.3,6.6,8.4,10.6,11.4,10.8,9.4,8.5,8.0,7.2,7.1,7.3
A,Annual,MRT,Mauritania,FAO_FS_210011,Number of people undernourished (million) (3-year average),COUNT,Count,FAO_FS,Suite of Food Security Indicators,6,Millions,A,Normal value,PU,Public,0.3,0.3,0.3,0.3,0.3,0.3,0.3,0.2,0.2,0.2,0.2,0.2,0.2,0.2,0.3,0.3,0.3,0.3,0.3,0.3,0.4,0.4,0.4
A,Annual,MUS,Mauritius,FAO_FS_210011,Number of people undernourished (million) (3-year average),COUNT,Count,FAO_FS,Suite of Food Security Indicators,6,Millions,A,Normal value,PU,Public,,,,,,,,,,,,,,,,,,,,,,0.1,0.1
A,Annual,MWI,Malawi,FAO_FS_210011,Number of people undernourished (million) (3-year average),COUNT,Count,FAO_FS,Suite of Food Security Indicators,6,Millions,A,Normal value,PU,Public,2.7,2.8,2.9,2.9,2.8,2.6,2.4,2.2,2.1,2.1,2.1,2.2,2.4,2.6,2.8,2.9,3.2,3.4,3.7,3.9,4.1,4.3,4.5
A,Annual,MYS,Malaysia,FAO_FS_210011,Number of people undernourished (million) (3-year average),COUNT,Count,FAO_FS,Suite of Food Security Indicators,6,Millions,A,Normal value,PU,Public,0.6,0.7,0.7,0.8,0.8,0.9,1.0,1.0,1.1,1.0,1.0,1.0,1.1,1.2,1.2,1.0,1.0,1.0,0.9,0.9,,,
A,Annual,NAM,Namibia,FAO_FS_210011,Number of people undernourished (million) (3-year average),COUNT,Count,FAO_FS,Suite of Food Security Indicators,6,Millions,A,Normal value,PU,Public,0.3,0.3,0.3,0.4,0.4,0.4,0.5,0.5,0.6,0.6,0.6,0.6,0.5,0.5,0.5,0.5,0.5,0.5,0.5,0.5,0.5,0.5,0.5
A,Annual,NER,Niger,FAO_FS_210011,Number of people undernourished (million) (3-year average),COUNT,Count,FAO_FS,Suite of Food Security Indicators,6,Millions,A,Normal value,PU,Public,2.8,2.7,2.7,2.5,2.5,2.4,2.4,2.3,2.3,2.4,2.5,2.7,2.7,2.6,2.5,2.5,2.4,2.4,2.3,2.6,2.8,3.2,3.4
A,Annual,NGA,Nigeria,FAO_FS_210011,Number of people undernourished (million) (3-year average),COUNT,Count,FAO_FS,Suite of Food Security Indicators,6,Millions,A,Normal value,PU,Public,11.3,11.6,12.1,12.6,13.2,13.8,14.4,15.1,16.0,17.4,19.0,20.6,20.7,20.6,20.3,21.1,23.1,24.9,29.9,33.8,38.6,41.7,45.4
A,Annual,NIC,Nicaragua,FAO_FS_210011,Number of people undernourished (million) (3-year average),COUNT,Count,FAO_FS,Suite of Food Security Indicators,6,Millions,A,Normal value,PU,Public,1.3,1.2,1.2,1.2,1.2,1.1,1.1,1.1,1.1,1.0,1.0,1.0,1.0,1.1,1.1,1.0,1.0,1.0,1.0,1.1,1.1,1.2,
A,Annual,NPL,Nepal,FAO_FS_210011,Number of people undernourished (million) (3-year average),COUNT,Count,FAO_FS,Suite of Food Security Indicators,6,Millions,A,Normal value,PU,Public,5.9,5.6,5.1,4.6,4.4,4.3,4.0,3.5,3.2,3.0,2.8,2.6,2.4,2.3,2.0,1.7,1.4,1.3,1.3,1.5,1.5,1.6,1.6
A,Annual,OMN,Oman,FAO_FS_210011,Number of people undernourished (million) (3-year average),COUNT,Count,FAO_FS,Suite of Food Security Indicators,6,Millions,A,Normal value,PU,Public,0.4,0.4,0.3,0.3,0.2,0.2,0.2,0.1,0.1,0.1,0.2,0.2,0.3,0.3,0.3,0.3,0.3,0.3,0.3,0.3,0.3,0.3,0.3
A,Annual,PAK,Pakistan,FAO_FS_210011,Number of people undernourished (million) (3-year average),COUNT,Count,FAO_FS,Suite of Food Security Indicators,6,Millions,A,Normal value,PU,Public,32.5,34.3,33.8,31.3,29.6,28.2,27.9,28.6,29.9,30.8,31.3,31.1,31.1,30.5,28.9,25.3,26.1,24.8,29.7,31.4,39.2,40.7,40.9
A,Annual,PAN,Panama,FAO_FS_210011,Number of people undernourished (million) (3-year average),COUNT,Count,FAO_FS,Suite of Food Security Indicators,6,Millions,A,Normal value,PU,Public,0.7,0.6,0.6,0.5,0.5,0.5,0.4,0.4,0.4,0.3,0.3,0.3,0.3,0.3,0.3,0.3,0.2,0.2,0.2,0.2,0.2,0.3,0.3
A,Annual,PER,Peru,FAO_FS_210011,Number of people undernourished (million) (3-year average),COUNT,Count,FAO_FS,Suite of Food Security Indicators,6,Millions,A,Normal value,PU,Public,5.5,5.9,6.1,5.8,5.0,4.2,3.7,3.2,2.7,2.5,2.2,2.0,1.7,1.6,1.7,1.9,2.0,1.9,2.0,2.1,2.2,2.2,2.3
A,Annual,PHL,Philippines,FAO_FS_210011,Number of people undernourished (million) (3-year average),COUNT,Count,FAO_FS,Suite of Food Security Indicators,6,Millions,A,Normal value,PU,Public,15.0,15.2,15.1,15.2,15.2,15.2,15.2,15.2,15.2,15.1,14.7,14.3,13.9,13.4,12.0,10.3,8.4,7.0,6.4,5.8,5.2,4.0,3.4
A,Annual,PNG,Papua New Guinea,FAO_FS_210011,Number of people undernourished (million) (3-year average),COUNT,Count,FAO_FS,Suite of Food Security Indicators,6,Millions,A,Normal value,PU,Public,1.5,1.6,1.7,1.8,1.8,1.9,1.9,2.0,2.1,2.3,2.4,2.3,2.3,2.3,2.4,2.5,2.6,2.7,2.7,2.8,2.8,2.9,3.0
A,Annual,PRK,"Korea, Dem. People's Rep.",FAO_FS_210011,Number of people undernourished (million) (3-year average),COUNT,Count,FAO_FS,Suite of Food Security Indicators,6,Millions,A,Normal value,PU,Public,8.6,8.4,7.9,8.0,8.4,9.1,9.6,10.0,10.4,10.7,10.9,11.0,11.1,11.3,11.5,11.8,12.3,12.2,,,,,
A,Annual,PRY,Paraguay,FAO_FS_210011,Number of people undernourished (million) (3-year average),COUNT,Count,FAO_FS,Suite of Food Security Indicators,6,Millions,A,Normal value,PU,Public,0.5,0.5,0.5,0.4,0.4,0.3,0.3,0.2,0.2,,,,,,,0.2,0.2,0.2,0.2,0.2,0.3,0.3,0.4
A,Annual,RUS,Russian Federation,FAO_FS_210011,Number of people undernourished (million) (3-year average),COUNT,Count,FAO_FS,Suite of Food Security Indicators,6,Millions,A,Normal value,PU,Public,6.1,4.9,4.0,,,,,,,,,,,,,,,,,,,,
A,Annual,RWA,Rwanda,FAO_FS_210011,Number of people undernourished (million) (3-year average),COUNT,Count,FAO_FS,Suite of Food Security Indicators,6,Millions,A,Normal value,PU,Public,3.1,2.9,2.9,3.2,3.3,3.4,3.5,3.6,3.6,3.7,3.7,3.8,4.0,4.2,4.2,4.0,3.9,4.1,4.6,4.5,4.1,3.6,3.4
A,Annual,SAU,Saudi Arabia,FAO_FS_210011,Number of people undernourished (million) (3-year average),COUNT,Count,FAO_FS,Suite of Food Security Indicators,6,Millions,A,Normal value,PU,Public,0.8,0.9,0.9,0.9,0.9,0.8,0.8,0.8,0.8,0.8,0.8,0.9,0.8,0.8,,,,,,,,,
A,Annual,SDN,Sudan,FAO_FS_210011,Number of people undernourished (million) (3-year average),COUNT,Count,FAO_FS,Suite of Food Security Indicators,6,Millions,A,Normal value,PU,Public,,,,,,,,,,,,,3.3,3.3,3.6,4.1,4.4,4.8,4.9,5.2,5.3,,
A,Annual,SEN,Senegal,FAO_FS_210011,Number of people undernourished (million) (3-year average),COUNT,Count,FAO_FS,Suite of Food Security Indicators,6,Millions,A,Normal value,PU,Public,2.2,2.1,2.0,1.9,1.8,1.7,1.4,1.3,1.3,1.4,1.4,1.5,1.5,1.6,1.5,1.3,1.2,1.1,1.0,0.9,0.9,0.9,0.9
A,Annual,SLB,Solomon Islands,FAO_FS_210011,Number of people undernourished (million) (3-year average),COUNT,Count,FAO_FS,Suite of Food Security Indicators,6,Millions,A,Normal value,PU,Public,,,,,,,,,,,,0.1,0.1,0.1,0.1,0.1,0.1,0.1,0.1,0.2,0.2,0.2,0.2
A,Annual,SLE,Sierra Leone,FAO_FS_210011,Number of people undernourished (million) (3-year average),COUNT,Count,FAO_FS,Suite of Food Security Indicators,6,Millions,A,Normal value,PU,Public,2.3,2.4,2.4,2.4,2.2,2.0,1.8,1.7,1.5,1.4,1.4,1.4,1.6,1.6,1.7,1.8,1.9,2.0,2.1,2.2,2.1,2.1,2.0
A,Annual,SLV,El Salvador,FAO_FS_210011,Number of people undernourished (million) (3-year average),COUNT,Count,FAO_FS,Suite of Food Security Indicators,6,Millions,A,Normal value,PU,Public,0.4,0.4,0.5,0.5,0.5,0.6,0.6,0.6,0.6,0.6,0.5,0.6,0.6,0.6,0.6,0.5,0.5,0.4,0.4,0.4,0.4,0.4,0.4
A,Annual,SOM,Somalia,FAO_FS_210011,Number of people undernourished (million) (3-year average),COUNT,Count,FAO_FS,Suite of Food Security Indicators,6,Millions,A,Normal value,PU,Public,6.4,6.7,6.9,7.2,7.4,7.7,7.9,8.1,8.6,8.8,8.8,8.5,8.2,8.2,8.4,8.6,8.8,8.7,8.6,8.7,9.0,9.4,9.8
A,Annual,SRB,Serbia,FAO_FS_210011,Number of people undernourished (million) (3-year average),COUNT,Count,FAO_FS,Suite of Food Security Indicators,6,Millions,A,Normal value,PU,Public,0.5,0.4,0.4,0.3,0.2,,,,,,,,,,,,,,,,,,
A,Annual,SSD,South Sudan,FAO_FS_210011,Number of people undernourished (million) (3-year average),COUNT,Count,FAO_FS,Suite of Food Security Indicators,6,Millions,A,Normal value,PU,Public,,,,,,,,,,,,,,,,,,,,2.3,2.3,2.3,2.6
A,Annual,SVK,Slovak Republic,FAO_FS_210011,Number of people undernourished (million) (3-year average),COUNT,Count,FAO_FS,Suite of Food Security Indicators,6,Millions,A,Normal value,PU,Public,0.3,0.3,0.3,0.3,0.3,0.3,0.3,0.3,0.3,0.3,0.3,0.3,0.3,0.3,0.3,0.3,0.2,0.2,0.2,0.1,0.2,0.2,0.2
A,Annual,SWZ,Eswatini,FAO_FS_210011,Number of people undernourished (million) (3-year average),COUNT,Count,FAO_FS,Suite of Food Security Indicators,6,Millions,A,Normal value,PU,Public,0.1,,,0.1,0.1,0.2,0.2,0.2,0.3,0.3,0.3,0.2,0.2,0.2,0.2,0.2,0.2,0.2,0.1,0.1,0.1,0.2,0.2
A,Annual,SYR,Syrian Arab Republic,FAO_FS_210011,Number of people undernourished (million) (3-year average),COUNT,Count,FAO_FS,Suite of Food Security Indicators,6,Millions,A,Normal value,PU,Public,1.3,1.2,1.2,1.2,1.2,1.2,1.2,1.2,1.2,1.2,1.4,1.7,1.9,2.0,2.3,2.7,3.6,4.5,5.6,6.4,7.2,8.1,9.2
A,Annual,TCD,Chad,FAO_FS_210011,Number of people undernourished (million) (3-year average),COUNT,Count,FAO_FS,Suite of Food Security Indicators,6,Millions,A,Normal value,PU,Public,3.0,3.1,3.2,3.2,3.2,3.1,2.9,2.8,2.9,3.0,3.1,3.1,3.3,3.6,3.8,4.0,4.2,4.5,5.0,5.2,5.4,5.6,6.2
A,Annual,TGO,Togo,FAO_FS_210011,Number of people undernourished (million) (3-year average),COUNT,Count,FAO_FS,Suite of Food Security Indicators,6,Millions,A,Normal value,PU,Public,1.5,1.6,1.5,1.5,1.5,1.4,1.4,1.3,1.3,1.3,1.4,1.4,1.4,1.5,1.5,1.6,1.6,1.6,1.5,1.4,1.2,1.0,0.8
A,Annual,THA,Thailand,FAO_FS_210011,Number of people undernourished (million) (3-year average),COUNT,Count,FAO_FS,Suite of Food Security Indicators,6,Millions,A,Normal value,PU,Public,11.0,10.5,9.7,8.9,7.8,7.0,6.8,7.2,7.1,7.0,6.5,6.5,6.1,5.8,5.5,5.6,5.8,5.5,4.9,4.3,3.9,3.6,3.3
A,Annual,TJK,Tajikistan,FAO_FS_210011,Number of people undernourished (million) (3-year average),COUNT,Count,FAO_FS,Suite of Food Security Indicators,6,Millions,A,Normal value,PU,Public,2.6,2.7,2.8,2.7,2.6,2.5,2.3,2.1,2.0,1.9,1.8,1.7,1.7,1.6,1.4,1.2,1.1,1.0,0.9,0.9,0.9,0.9,0.9
A,Annual,TKM,Turkmenistan,FAO_FS_210011,Number of people undernourished (million) (3-year average),COUNT,Count,FAO_FS,Suite of Food Security Indicators,6,Millions,A,Normal value,PU,Public,0.3,0.2,0.2,0.2,0.2,0.2,0.2,0.2,0.2,0.3,0.3,0.3,0.2,0.2,0.2,0.2,0.2,0.2,0.2,0.3,0.3,0.3,0.3
A,Annual,TLS,Timor-Leste,FAO_FS_210011,Number of people undernourished (million) (3-year average),COUNT,Count,FAO_FS,Suite of Food Security Indicators,6,Millions,A,Normal value,PU,Public,0.4,0.4,0.3,0.3,0.3,0.3,0.3,0.2,0.2,0.2,0.2,0.2,0.2,0.2,0.2,0.2,0.2,0.2,0.2,0.2,0.2,0.2,0.3
A,Annual,TTO,Trinidad and Tobago,FAO_FS_210011,Number of people undernourished (million) (3-year average),COUNT,Count,FAO_FS,Suite of Food Security Indicators,6,Millions,A,Normal value,PU,Public,0.1,0.1,0.2,0.2,0.2,0.1,0.1,0.1,0.1,0.1,0.1,,,,,0.1,0.1,0.1,0.1,0.2,0.2,0.2,0.2
A,Annual,TUN,Tunisia,FAO_FS_210011,Number of people undernourished (million) (3-year average),COUNT,Count,FAO_FS,Suite of Food Security Indicators,6,Millions,A,Normal value,PU,Public,0.4,0.4,0.4,0.4,0.4,0.4,0.4,0.4,0.4,0.4,0.4,0.4,0.3,0.3,0.3,0.3,0.3,,,0.3,0.4,0.4,0.4
A,Annual,TUR,Turkiye,FAO_FS_210011,Number of people undernourished (million) (3-year average),COUNT,Count,FAO_FS,Suite of Food Security Indicators,6,Millions,A,Normal value,PU,Public,8.6,9.3,9.3,8.4,6.5,4.5,3.1,2.3,,,,,,,,,,,,,,,
A,Annual,TWN,"Taiwan, China",FAO_FS_210011,Number of people undernourished (million) (3-year average),COUNT,Count,FAO_FS,Suite of Food Security Indicators,6,Millions,A,Normal value,PU,Public,0.8,0.9,0.9,1.0,1.0,1.0,1.1,1.1,1.1,1.1,1.1,1.1,1.1,1.0,1.0,1.0,1.0,0.9,0.9,0.9,0.9,0.9,0.9
A,Annual,TZA,Tanzania,FAO_FS_210011,Number of people undernourished (million) (3-year average),COUNT,Count,FAO_FS,Suite of Food Security Indicators,6,Millions,A,Normal value,PU,Public,11.5,12.1,11.9,12.0,11.2,10.9,10.7,10.7,10.7,10.6,10.4,10.3,10.3,10.6,11.1,11.8,12.6,13.2,13.6,13.9,14.1,13.8,13.4
A,Annual,UGA,Uganda,FAO_FS_210011,Number of people undernourished (million) (3-year average),COUNT,Count,FAO_FS,Suite of Food Security Indicators,6,Millions,A,Normal value,PU,Public,5.2,5.0,4.9,4.9,5.2,5.5,5.8,6.0,5.9,5.7,5.9,6.7,7.5,8.7,11.5,13.7,14.3,14.9,14.2,14.7,11.8,11.4,10.7
A,Annual,UKR,Ukraine,FAO_FS_210011,Number of people undernourished (million) (3-year average),COUNT,Count,FAO_FS,Suite of Food Security Indicators,6,Millions,A,Normal value,PU,Public,1.3,,,,,,,,,,,,,,,,1.2,1.4,1.7,1.9,2.3,2.5,2.7
A,Annual,URY,Uruguay,FAO_FS_210011,Number of people undernourished (million) (3-year average),COUNT,Count,FAO_FS,Suite of Food Security Indicators,6,Millions,A,Normal value,PU,Public,0.1,0.1,,,,,,,,,,,,,,,,,,,,,
A,Annual,UZB,Uzbekistan,FAO_FS_210011,Number of people undernourished (million) (3-year average),COUNT,Count,FAO_FS,Suite of Food Security Indicators,6,Millions,A,Normal value,PU,Public,4.8,5.2,4.9,4.2,3.4,2.7,2.2,1.7,1.3,1.0,0.8,,,,,,,,,,,,
A,Annual,VEN,"Venezuela, RB",FAO_FS_210011,Number of people undernourished (million) (3-year average),COUNT,Count,FAO_FS,Suite of Food Security Indicators,6,Millions,A,Normal value,PU,Public,3.5,3.6,3.6,2.5,2.1,1.8,1.2,0.7,,,,,,1.2,3.4,5.3,7.2,7.0,7.0,5.3,3.7,2.1,1.7
A,Annual,VNM,Viet Nam,FAO_FS_210011,Number of people undernourished (million) (3-year average),COUNT,Count,FAO_FS,Suite of Food Security Indicators,6,Millions,A,Normal value,PU,Public,15.2,13.9,12.7,12.3,12.3,12.3,11.6,10.7,9.7,9.1,8.2,7.9,7.6,7.6,7.4,7.3,7.0,6.6,6.2,5.8,5.6,5.4,5.3
A,Annual,ZAF,South Africa,FAO_FS_210011,Number of people undernourished (million) (3-year average),COUNT,Count,FAO_FS,Suite of Food Security Indicators,6,Millions,A,Normal value,PU,Public,1.7,1.7,1.7,1.6,1.6,1.7,1.8,1.8,2.1,2.4,2.6,2.8,3.1,3.6,3.7,3.7,3.5,3.7,4.3,5.2,5.8,6.2,6.3
A,Annual,ZMB,Zambia,FAO_FS_210011,Number of people undernourished (million) (3-year average),COUNT,Count,FAO_FS,Suite of Food Security Indicators,6,Millions,A,Normal value,PU,Public,5.2,5.3,5.5,5.6,5.8,5.8,5.9,5.9,6.1,6.1,6.2,6.1,6.0,5.9,5.8,5.7,5.5,5.7,5.9,6.5,7.0,7.3,7.7
A,Annual,ZWE,Zimbabwe,FAO_FS_210011,Number of people undernourished (million) (3-year average),COUNT,Count,FAO_FS,Suite of Food Security Indicators,6,Millions,A,Normal value,PU,Public,3.9,3.9,3.8,3.8,3.7,3.6,3.6,3.5,3.7,3.9,4.1,4.1,4.4,4.7,4.9,4.8,4.6,4.7,4.6,4.4,3.9,3.4,3.2
